{
  "acc": 0.9807692307692307,
  "f1_macro": 0.9790849673202615
}