{
  "acc": 0.9642857142857143,
  "f1_macro": 0.9651719238420006
}