{
  "acc": 0.9466666666666667,
  "f1_macro": 0.9286576949620428
}