{
  "acc": 0.9142857142857143,
  "f1_macro": 0.921885521885522
}