{
  "acc": 0.9666666666666667,
  "f1_macro": 0.9670419565675732
}