{
  "acc": 0.9166666666666666,
  "f1_macro": 0.9204536007951568
}