{
  "acc": 0.9857142857142858,
  "f1_macro": 0.988876529477197
}