{
  "acc": 0.9666666666666667,
  "f1_macro": 0.9667880854581622
}