{
  "acc": 0.9821428571428571,
  "f1_macro": 0.986086956521739
}