{
  "acc": 0.9423076923076923,
  "f1_macro": 0.9443627450980392
}