{
  "acc": 0.8153846153846154,
  "f1_macro": 0.8012210012210012
}