{
  "acc": 0.9846153846153847,
  "f1_macro": 0.9863163656267105
}