{
  "acc": 0.96875,
  "f1_macro": 0.9686274509803922
}