{
  "acc": 0.9866666666666667,
  "f1_macro": 0.9903501516404742
}