{
  "acc": 0.9333333333333333,
  "f1_macro": 0.9340277777777777
}