{
  "acc": 0.9230769230769231,
  "f1_macro": 0.9216215973568914
}