{
  "acc": 0.8933333333333333,
  "f1_macro": 0.8836523498288203
}