{
  "acc": 0.9833333333333333,
  "f1_macro": 0.9879569892473118
}