{
  "acc": 0.8714285714285714,
  "f1_macro": 0.8660127182186006
}