{
  "acc": 0.9692307692307692,
  "f1_macro": 0.9722222222222223
}